game_id,oracle,backend,prior_risk,residual_risk,eventual_risk,intervention_cost,net_regret,dri,eventual_dri,identity_mi_bits,decision_signature_mi_bits,map_type_accuracy,decision_accuracy,expected_commitment_time,root_choice
no-identification-needed,fixed_response,fraction,0,0,0,0,0,,,0.0,0.0,1/2,,0,commit:common_plan
no-identification-needed,passive_net,fraction,0,0,0,0,0,,,0.0,0.0,1/2,,0,commit:common_plan
no-identification-needed,task_active_net,fraction,0,0,0,0,0,,,0.0,0.0,1/2,,0,commit:common_plan
no-identification-needed,task_information,fraction,0,0,0,0,0,,,0.0,0.0,1/2,,0,commit:common_plan
no-identification-needed,reconnaissance,fraction,0,0,0,0,0,,,0.0,0.0,1/2,,0,commit:common_plan
no-identification-needed,fixed_action__advance_task,fraction,0,0,0,0,0,,,0.0,0.0,1/2,,1,act:advance_task
no-identification-needed,fixed_action__stage_shared_item,fraction,0,0,0,2,2,,,1.0,1.0,1,,1,act:stage_shared_item
no-identification-needed,fixed_response,float,0.0,0.0,0.0,0.0,0.0,,,0.0,0.0,0.5,,0.0,commit:common_plan
no-identification-needed,passive_net,float,0.0,0.0,0.0,0.0,0.0,,,0.0,0.0,0.5,,0.0,commit:common_plan
no-identification-needed,task_active_net,float,0.0,0.0,0.0,0.0,0.0,,,0.0,0.0,0.5,,0.0,commit:common_plan
no-identification-needed,task_information,float,0.0,0.0,0.0,0.0,0.0,,,0.0,0.0,0.5,,0.0,commit:common_plan
no-identification-needed,reconnaissance,float,0.0,0.0,0.0,0.0,0.0,,,0.0,0.0,0.5,,0.0,commit:common_plan
no-identification-needed,fixed_action__advance_task,float,0.0,0.0,0.0,0.0,0.0,,,0.0,0.0,0.5,,1.0,act:advance_task
no-identification-needed,fixed_action__stage_shared_item,float,0.0,0.0,0.0,2.0,2.0,,,1.0,1.0,1.0,,1.0,act:stage_shared_item
passive-easy,fixed_response,fraction,20,20,20,0,20,0,0,0.0,0.0,1/2,1/2,0,commit:choose_left
passive-easy,passive_net,fraction,20,8,8,0,8,3/5,3/5,0.27807190511263774,0.27807190511263774,4/5,4/5,1,act:advance_task
passive-easy,task_active_net,fraction,20,8,8,0,8,3/5,3/5,0.27807190511263774,0.27807190511263774,4/5,4/5,1,act:advance_task
passive-easy,task_information,fraction,20,8,8,0,8,3/5,3/5,0.27807190511263774,0.27807190511263774,4/5,4/5,1,act:advance_task
passive-easy,reconnaissance,fraction,20,8,8,0,8,3/5,3/5,0.27807190511263774,0.27807190511263774,4/5,4/5,1,act:advance_task
passive-easy,fixed_action__advance_task,fraction,20,8,8,0,8,3/5,3/5,0.27807190511263774,0.27807190511263774,4/5,4/5,1,act:advance_task
passive-easy,fixed_action__stage_shared_item,fraction,20,8,8,5,13,3/5,3/5,0.27807190511263774,0.27807190511263774,4/5,4/5,1,act:stage_shared_item
passive-easy,fixed_response,float,20.0,20.0,20.0,0.0,20.0,0.0,0.0,0.0,0.0,0.5,0.5,0.0,commit:choose_left
passive-easy,passive_net,float,20.0,8.0,8.0,0.0,8.0,0.6,0.6,0.27807190511263774,0.27807190511263774,0.8,0.8,1.0,act:advance_task
passive-easy,task_active_net,float,20.0,8.0,8.0,0.0,8.0,0.6,0.6,0.27807190511263774,0.27807190511263774,0.8,0.8,1.0,act:advance_task
passive-easy,task_information,float,20.0,8.0,8.0,0.0,8.0,0.6,0.6,0.27807190511263774,0.27807190511263774,0.8,0.8,1.0,act:advance_task
passive-easy,reconnaissance,float,20.0,8.0,8.0,0.0,8.0,0.6,0.6,0.27807190511263774,0.27807190511263774,0.8,0.8,1.0,act:advance_task
passive-easy,fixed_action__advance_task,float,20.0,8.0,8.0,0.0,8.0,0.6,0.6,0.27807190511263774,0.27807190511263774,0.8,0.8,1.0,act:advance_task
passive-easy,fixed_action__stage_shared_item,float,20.0,8.0,8.0,5.0,13.0,0.6,0.6,0.27807190511263774,0.27807190511263774,0.8,0.8,1.0,act:stage_shared_item
active-separable,fixed_response,fraction,20,20,20,0,20,0,0,0.0,0.0,1/2,1/2,0,commit:choose_left
active-separable,passive_net,fraction,20,20,20,0,20,0,0,0.0,0.0,1/2,1/2,0,commit:choose_left
active-separable,task_active_net,fraction,20,8,8,5,13,3/5,3/5,0.27807190511263774,0.27807190511263774,4/5,4/5,1,act:stage_shared_item
active-separable,task_information,fraction,20,8,8,5,13,3/5,3/5,0.27807190511263774,0.27807190511263774,4/5,4/5,1,act:stage_shared_item
active-separable,reconnaissance,fraction,20,8,8,5,13,3/5,3/5,0.27807190511263774,0.27807190511263774,4/5,4/5,1,act:stage_shared_item
active-separable,fixed_action__advance_task,fraction,20,20,20,0,20,0,0,0.0,0.0,1/2,1/2,1,act:advance_task
active-separable,fixed_action__stage_shared_item,fraction,20,8,8,5,13,3/5,3/5,0.27807190511263774,0.27807190511263774,4/5,4/5,1,act:stage_shared_item
active-separable,fixed_response,float,20.0,20.0,20.0,0.0,20.0,0.0,0.0,0.0,0.0,0.5,0.5,0.0,commit:choose_left
active-separable,passive_net,float,20.0,20.0,20.0,0.0,20.0,0.0,0.0,0.0,0.0,0.5,0.5,0.0,commit:choose_left
active-separable,task_active_net,float,20.0,8.0,8.0,5.0,13.0,0.6,0.6,0.27807190511263774,0.27807190511263774,0.8,0.8,1.0,act:stage_shared_item
active-separable,task_information,float,20.0,8.0,8.0,5.0,13.0,0.6,0.6,0.27807190511263774,0.27807190511263774,0.8,0.8,1.0,act:stage_shared_item
active-separable,reconnaissance,float,20.0,8.0,8.0,5.0,13.0,0.6,0.6,0.27807190511263774,0.27807190511263774,0.8,0.8,1.0,act:stage_shared_item
active-separable,fixed_action__advance_task,float,20.0,20.0,20.0,0.0,20.0,0.0,0.0,0.0,0.0,0.5,0.5,1.0,act:advance_task
active-separable,fixed_action__stage_shared_item,float,20.0,8.0,8.0,5.0,13.0,0.6,0.6,0.27807190511263774,0.27807190511263774,0.8,0.8,1.0,act:stage_shared_item
intervention-too-expensive,fixed_response,fraction,20,20,20,0,20,0,0,0.0,0.0,1/2,1/2,0,commit:choose_left
intervention-too-expensive,passive_net,fraction,20,20,20,0,20,0,0,0.0,0.0,1/2,1/2,0,commit:choose_left
intervention-too-expensive,task_active_net,fraction,20,20,20,0,20,0,0,0.0,0.0,1/2,1/2,0,commit:choose_left
intervention-too-expensive,task_information,fraction,20,8,8,15,23,3/5,3/5,0.27807190511263774,0.27807190511263774,4/5,4/5,1,act:stage_shared_item
intervention-too-expensive,reconnaissance,fraction,20,8,8,15,23,3/5,3/5,0.27807190511263774,0.27807190511263774,4/5,4/5,1,act:stage_shared_item
intervention-too-expensive,fixed_action__advance_task,fraction,20,20,20,0,20,0,0,0.0,0.0,1/2,1/2,1,act:advance_task
intervention-too-expensive,fixed_action__stage_shared_item,fraction,20,8,8,15,23,3/5,3/5,0.27807190511263774,0.27807190511263774,4/5,4/5,1,act:stage_shared_item
intervention-too-expensive,fixed_response,float,20.0,20.0,20.0,0.0,20.0,0.0,0.0,0.0,0.0,0.5,0.5,0.0,commit:choose_left
intervention-too-expensive,passive_net,float,20.0,20.0,20.0,0.0,20.0,0.0,0.0,0.0,0.0,0.5,0.5,0.0,commit:choose_left
intervention-too-expensive,task_active_net,float,20.0,20.0,20.0,0.0,20.0,0.0,0.0,0.0,0.0,0.5,0.5,0.0,commit:choose_left
intervention-too-expensive,task_information,float,20.0,8.0,8.0,15.0,23.0,0.6,0.6,0.27807190511263774,0.27807190511263774,0.8,0.8,1.0,act:stage_shared_item
intervention-too-expensive,reconnaissance,float,20.0,8.0,8.0,15.0,23.0,0.6,0.6,0.27807190511263774,0.27807190511263774,0.8,0.8,1.0,act:stage_shared_item
intervention-too-expensive,fixed_action__advance_task,float,20.0,20.0,20.0,0.0,20.0,0.0,0.0,0.0,0.0,0.5,0.5,1.0,act:advance_task
intervention-too-expensive,fixed_action__stage_shared_item,float,20.0,8.0,8.0,15.0,23.0,0.6,0.6,0.27807190511263774,0.27807190511263774,0.8,0.8,1.0,act:stage_shared_item
threshold-boundary,fixed_response,fraction,20,20,20,0,20,0,0,0.0,0.0,1/2,1/2,0,commit:choose_left
threshold-boundary,passive_net,fraction,20,20,20,0,20,0,0,0.0,0.0,1/2,1/2,0,commit:choose_left
threshold-boundary,task_active_net,fraction,20,20,20,0,20,0,0,0.0,0.0,1/2,1/2,0,commit:choose_left
threshold-boundary,task_information,fraction,20,8,8,12,20,3/5,3/5,0.27807190511263774,0.27807190511263774,4/5,4/5,1,act:stage_shared_item
threshold-boundary,reconnaissance,fraction,20,8,8,12,20,3/5,3/5,0.27807190511263774,0.27807190511263774,4/5,4/5,1,act:stage_shared_item
threshold-boundary,fixed_action__advance_task,fraction,20,20,20,0,20,0,0,0.0,0.0,1/2,1/2,1,act:advance_task
threshold-boundary,fixed_action__stage_shared_item,fraction,20,8,8,12,20,3/5,3/5,0.27807190511263774,0.27807190511263774,4/5,4/5,1,act:stage_shared_item
threshold-boundary,fixed_response,float,20.0,20.0,20.0,0.0,20.0,0.0,0.0,0.0,0.0,0.5,0.5,0.0,commit:choose_left
threshold-boundary,passive_net,float,20.0,20.0,20.0,0.0,20.0,0.0,0.0,0.0,0.0,0.5,0.5,0.0,commit:choose_left
threshold-boundary,task_active_net,float,20.0,20.0,20.0,0.0,20.0,0.0,0.0,0.0,0.0,0.5,0.5,0.0,commit:choose_left
threshold-boundary,task_information,float,20.0,8.0,8.0,12.000000000000002,20.0,0.6,0.6,0.27807190511263774,0.27807190511263774,0.8,0.8,1.0,act:stage_shared_item
threshold-boundary,reconnaissance,float,20.0,8.0,8.0,12.000000000000002,20.0,0.6,0.6,0.27807190511263774,0.27807190511263774,0.8,0.8,1.0,act:stage_shared_item
threshold-boundary,fixed_action__advance_task,float,20.0,20.0,20.0,0.0,20.0,0.0,0.0,0.0,0.0,0.5,0.5,1.0,act:advance_task
threshold-boundary,fixed_action__stage_shared_item,float,20.0,8.0,8.0,12.000000000000002,20.0,0.6,0.6,0.27807190511263774,0.27807190511263774,0.8,0.8,1.0,act:stage_shared_item
fundamentally-inseparable,fixed_response,fraction,20,20,20,0,20,0,0,0.0,0.0,1/2,1/2,0,commit:choose_left
fundamentally-inseparable,passive_net,fraction,20,20,20,0,20,0,0,0.0,0.0,1/2,1/2,0,commit:choose_left
fundamentally-inseparable,task_active_net,fraction,20,20,20,0,20,0,0,0.0,0.0,1/2,1/2,0,commit:choose_left
fundamentally-inseparable,task_information,fraction,20,20,20,0,20,0,0,0.0,0.0,1/2,1/2,0,commit:choose_left
fundamentally-inseparable,reconnaissance,fraction,20,20,20,0,20,0,0,0.0,0.0,1/2,1/2,0,commit:choose_left
fundamentally-inseparable,fixed_action__advance_task,fraction,20,20,20,0,20,0,0,0.0,0.0,1/2,1/2,1,act:advance_task
fundamentally-inseparable,fixed_action__stage_shared_item,fraction,20,20,20,1,21,0,0,0.0,0.0,1/2,1/2,1,act:stage_shared_item
fundamentally-inseparable,fixed_response,float,20.0,20.0,20.0,0.0,20.0,0.0,0.0,0.0,0.0,0.5,0.5,0.0,commit:choose_left
fundamentally-inseparable,passive_net,float,20.0,20.0,20.0,0.0,20.0,0.0,0.0,0.0,0.0,0.5,0.5,0.0,commit:choose_left
fundamentally-inseparable,task_active_net,float,20.0,20.0,20.0,0.0,20.0,0.0,0.0,0.0,0.0,0.5,0.5,0.0,commit:choose_left
fundamentally-inseparable,task_information,float,20.0,20.0,20.0,0.0,20.0,0.0,0.0,0.0,0.0,0.5,0.5,0.0,commit:choose_left
fundamentally-inseparable,reconnaissance,float,20.0,20.0,20.0,0.0,20.0,0.0,0.0,0.0,0.0,0.5,0.5,0.0,commit:choose_left
fundamentally-inseparable,fixed_action__advance_task,float,20.0,20.0,20.0,0.0,20.0,0.0,0.0,0.0,0.0,0.5,0.5,1.0,act:advance_task
fundamentally-inseparable,fixed_action__stage_shared_item,float,20.0,20.0,20.0,1.0,21.0,0.0,0.0,0.0,0.0,0.5,0.5,1.0,act:stage_shared_item
late-reveal,fixed_response,fraction,20,20,0,0,20,0,1,0.0,0.0,1/2,1/2,0,commit:choose_left
late-reveal,passive_net,fraction,20,20,0,0,20,0,1,0.0,0.0,1/2,1/2,0,commit:choose_left
late-reveal,task_active_net,fraction,20,20,0,0,20,0,1,0.0,0.0,1/2,1/2,0,commit:choose_left
late-reveal,task_information,fraction,20,20,0,0,20,0,1,0.0,0.0,1/2,1/2,0,commit:choose_left
late-reveal,reconnaissance,fraction,20,20,0,0,20,0,1,0.0,0.0,1/2,1/2,0,commit:choose_left
late-reveal,fixed_action__advance_task,fraction,20,20,0,0,20,0,1,0.0,0.0,1/2,1/2,1,act:advance_task
late-reveal,fixed_response,float,20.0,20.0,0.0,0.0,20.0,0.0,1.0,0.0,0.0,0.5,0.5,0.0,commit:choose_left
late-reveal,passive_net,float,20.0,20.0,0.0,0.0,20.0,0.0,1.0,0.0,0.0,0.5,0.5,0.0,commit:choose_left
late-reveal,task_active_net,float,20.0,20.0,0.0,0.0,20.0,0.0,1.0,0.0,0.0,0.5,0.5,0.0,commit:choose_left
late-reveal,task_information,float,20.0,20.0,0.0,0.0,20.0,0.0,1.0,0.0,0.0,0.5,0.5,0.0,commit:choose_left
late-reveal,reconnaissance,float,20.0,20.0,0.0,0.0,20.0,0.0,1.0,0.0,0.0,0.5,0.5,0.0,commit:choose_left
late-reveal,fixed_action__advance_task,float,20.0,20.0,0.0,0.0,20.0,0.0,1.0,0.0,0.0,0.5,0.5,1.0,act:advance_task
decision-irrelevant-identity,fixed_response,fraction,20,20,20,0,20,0,0,0.0,0.0,1/4,1/2,0,commit:choose_a
decision-irrelevant-identity,passive_net,fraction,20,20,20,0,20,0,0,0.0,0.0,1/4,1/2,0,commit:choose_a
decision-irrelevant-identity,task_active_net,fraction,20,8,8,5,13,3/5,3/5,0.2780719051126377,0.27807190511263774,2/5,4/5,1,act:stage_shared_item
decision-irrelevant-identity,task_information,fraction,20,8,8,5,13,3/5,3/5,0.2780719051126377,0.27807190511263774,2/5,4/5,1,act:stage_shared_item
decision-irrelevant-identity,reconnaissance,fraction,20,8,8,5,13,3/5,3/5,0.2780719051126377,0.27807190511263774,2/5,4/5,1,act:stage_shared_item
decision-irrelevant-identity,fixed_action__advance_task,fraction,20,20,20,0,20,0,0,0.0,0.0,1/4,1/2,1,act:advance_task
decision-irrelevant-identity,fixed_action__stage_shared_item,fraction,20,8,8,5,13,3/5,3/5,0.2780719051126377,0.27807190511263774,2/5,4/5,1,act:stage_shared_item
decision-irrelevant-identity,fixed_action__yield_role,fraction,20,20,20,1,21,0,0,1.0,0.0,1/2,1/2,1,act:yield_role
decision-irrelevant-identity,fixed_response,float,20.0,20.0,20.0,0.0,20.0,0.0,0.0,0.0,0.0,0.25,0.5,0.0,commit:choose_a
decision-irrelevant-identity,passive_net,float,20.0,20.0,20.0,0.0,20.0,0.0,0.0,0.0,0.0,0.25,0.5,0.0,commit:choose_a
decision-irrelevant-identity,task_active_net,float,20.0,8.0,8.0,5.0,13.0,0.6,0.6,0.2780719051126377,0.27807190511263774,0.4,0.8,1.0,act:stage_shared_item
decision-irrelevant-identity,task_information,float,20.0,8.0,8.0,5.0,13.0,0.6,0.6,0.2780719051126377,0.27807190511263774,0.4,0.8,1.0,act:stage_shared_item
decision-irrelevant-identity,reconnaissance,float,20.0,8.0,8.0,5.0,13.0,0.6,0.6,0.2780719051126377,0.27807190511263774,0.4,0.8,1.0,act:stage_shared_item
decision-irrelevant-identity,fixed_action__advance_task,float,20.0,20.0,20.0,0.0,20.0,0.0,0.0,0.0,0.0,0.25,0.5,1.0,act:advance_task
decision-irrelevant-identity,fixed_action__stage_shared_item,float,20.0,8.0,8.0,5.0,13.0,0.6,0.6,0.2780719051126377,0.27807190511263774,0.4,0.8,1.0,act:stage_shared_item
decision-irrelevant-identity,fixed_action__yield_role,float,20.0,20.0,20.0,1.0,21.0,0.0,0.0,1.0,0.0,0.5,0.5,1.0,act:yield_role
multitype-asymmetric-loss,fixed_response,fraction,7/5,7/5,7/5,0,7/5,0,0,0.0,0.0,1/2,,0,commit:decision_one
multitype-asymmetric-loss,passive_net,fraction,7/5,24/25,24/25,0,24/25,11/35,11/35,0.19807497918898187,0.19807497918898187,3/5,,1,act:share_resource
multitype-asymmetric-loss,task_active_net,fraction,7/5,24/25,24/25,0,24/25,11/35,11/35,0.19807497918898187,0.19807497918898187,3/5,,1,act:share_resource
multitype-asymmetric-loss,task_information,fraction,7/5,24/25,24/25,0,24/25,11/35,11/35,0.19807497918898187,0.19807497918898187,3/5,,1,act:share_resource
multitype-asymmetric-loss,reconnaissance,fraction,7/5,24/25,24/25,0,24/25,11/35,11/35,0.19807497918898187,0.19807497918898187,3/5,,1,act:share_resource
multitype-asymmetric-loss,fixed_action__share_resource,fraction,7/5,24/25,24/25,0,24/25,11/35,11/35,0.19807497918898187,0.19807497918898187,3/5,,1,act:share_resource
multitype-asymmetric-loss,fixed_response,float,1.4000000000000001,1.4000000000000001,1.4000000000000001,0.0,1.4000000000000001,0.0,0.0,0.0,0.0,0.5,,0.0,commit:decision_one
multitype-asymmetric-loss,passive_net,float,1.4000000000000001,0.9600000000000002,0.9600000000000002,0.0,0.9600000000000002,0.3142857142857142,0.3142857142857142,0.1980749791889817,0.1980749791889817,0.6,,1.0,act:share_resource
multitype-asymmetric-loss,task_active_net,float,1.4000000000000001,0.9600000000000002,0.9600000000000002,0.0,0.9600000000000002,0.3142857142857142,0.3142857142857142,0.1980749791889817,0.1980749791889817,0.6,,1.0,act:share_resource
multitype-asymmetric-loss,task_information,float,1.4000000000000001,0.9600000000000002,0.9600000000000002,0.0,0.9600000000000002,0.3142857142857142,0.3142857142857142,0.1980749791889817,0.1980749791889817,0.6,,1.0,act:share_resource
multitype-asymmetric-loss,reconnaissance,float,1.4000000000000001,0.9600000000000002,0.9600000000000002,0.0,0.9600000000000002,0.3142857142857142,0.3142857142857142,0.1980749791889817,0.1980749791889817,0.6,,1.0,act:share_resource
multitype-asymmetric-loss,fixed_action__share_resource,float,1.4000000000000001,0.9600000000000002,0.9600000000000002,0.0,0.9600000000000002,0.3142857142857142,0.3142857142857142,0.1980749791889817,0.1980749791889817,0.6,,1.0,act:share_resource
repeated-noisy-interaction,fixed_response,fraction,20,20,20,0,20,0,0,0.0,0.0,1/2,1/2,0,commit:choose_left
repeated-noisy-interaction,passive_net,fraction,20,20,20,0,20,0,0,0.0,0.0,1/2,1/2,0,commit:choose_left
repeated-noisy-interaction,task_active_net,fraction,20,5/4,5/4,15/4,5,15/16,15/16,0.9375,0.9375,31/32,31/32,15/8,act:stage_shared_item
repeated-noisy-interaction,task_information,fraction,20,5/4,5/4,15/4,5,15/16,15/16,0.9375,0.9375,31/32,31/32,15/8,act:stage_shared_item
repeated-noisy-interaction,reconnaissance,fraction,20,5/4,5/4,15/4,5,15/16,15/16,0.9375,0.9375,31/32,31/32,15/8,act:stage_shared_item
repeated-noisy-interaction,fixed_action__advance_task,fraction,20,20,20,0,20,0,0,0.0,0.0,1/2,1/2,1,act:advance_task
repeated-noisy-interaction,fixed_action__stage_shared_item,fraction,20,10,10,2,12,1/2,1/2,0.5,0.5,3/4,3/4,1,act:stage_shared_item
repeated-noisy-interaction,fixed_response,float,20.0,20.0,20.0,0.0,20.0,0.0,0.0,0.0,0.0,0.5,0.5,0.0,commit:choose_left
repeated-noisy-interaction,passive_net,float,20.0,20.0,20.0,0.0,20.0,0.0,0.0,0.0,0.0,0.5,0.5,0.0,commit:choose_left
repeated-noisy-interaction,task_active_net,float,20.0,1.25,1.25,3.75,5.0,0.9375,0.9375,0.9375,0.9375,0.96875,0.96875,1.875,act:stage_shared_item
repeated-noisy-interaction,task_information,float,20.0,1.25,1.25,3.75,5.0,0.9375,0.9375,0.9375,0.9375,0.96875,0.96875,1.875,act:stage_shared_item
repeated-noisy-interaction,reconnaissance,float,20.0,1.25,1.25,3.75,5.0,0.9375,0.9375,0.9375,0.9375,0.96875,0.96875,1.875,act:stage_shared_item
repeated-noisy-interaction,fixed_action__advance_task,float,20.0,20.0,20.0,0.0,20.0,0.0,0.0,0.0,0.0,0.5,0.5,1.0,act:advance_task
repeated-noisy-interaction,fixed_action__stage_shared_item,float,20.0,10.0,10.0,2.0,12.0,0.5,0.5,0.5,0.5,0.75,0.75,1.0,act:stage_shared_item
